name,url
film01,/assets/img/film01.jpg
film02,/assets/img/film02.jpg
film03,/assets/img/film03.jpg
film04,/assets/img/film04.jpg
film05,/assets/img/film05.jpg
film06,/assets/img/film06.jpg
film07,/assets/img/film07.jpg
film08,/assets/img/film08.jpg
film09,/assets/img/film09.jpg
film10,/assets/img/film10.jpg
film11,/assets/img/film11.jpg
film12,/assets/img/film12.jpg
film13,/assets/img/film13.jpg
film14,/assets/img/film14.jpg
film15,/assets/img/film15.jpg
film16,/assets/img/film16.jpg
film17,/assets/img/film17.jpg
film18,/assets/img/film18.jpg
film19,/assets/img/film19.jpg
film20,/assets/img/film20.jpg
film21,/assets/img/film21.jpg
film22,/assets/img/film22.jpg
film23,/assets/img/film23.jpg
film24,/assets/img/film24.jpg
film25,/assets/img/film25.jpg
